,reportdate,Protecting Office,Protecting Office Label,Acres
0,2025-04-22,Delta Area,DAS,0.1
1,2025-04-22,Kenai-Kodiak Area,KKS,1.4
2,2025-04-22,Mat-Su Area,MSS,3.2
3,2025-04-22,Military Zone,MID,0.1
4,2025-04-22,Tongass N.F.,TNF,0.5
5,2025-04-23,Delta Area,DAS,0.1
6,2025-04-23,Kenai-Kodiak Area,KKS,1.4
7,2025-04-23,Mat-Su Area,MSS,3.2
8,2025-04-23,Military Zone,MID,0.1
9,2025-04-23,Tongass N.F.,TNF,0.5
10,2025-04-24,Delta Area,DAS,0.1
11,2025-04-24,Kenai-Kodiak Area,KKS,1.4
12,2025-04-24,Mat-Su Area,MSS,3.3
13,2025-04-24,Military Zone,MID,0.1
14,2025-04-24,Tongass N.F.,TNF,0.5
15,2025-04-25,Delta Area,DAS,0.1
16,2025-04-25,Kenai-Kodiak Area,KKS,1.4
17,2025-04-25,Mat-Su Area,MSS,3.6
18,2025-04-25,Military Zone,MID,0.1
19,2025-04-25,Tongass N.F.,TNF,0.5
20,2025-04-28,Delta Area,DAS,0.1
21,2025-04-28,Kenai-Kodiak Area,KKS,1.4
22,2025-04-28,Mat-Su Area,MSS,3.9
23,2025-04-28,Military Zone,MID,0.1
24,2025-04-28,Tongass N.F.,TNF,0.5
25,2025-04-29,Delta Area,DAS,0.1
26,2025-04-29,Kenai-Kodiak Area,KKS,1.4
27,2025-04-29,Mat-Su Area,MSS,3.9
28,2025-04-29,Military Zone,MID,0.2
29,2025-04-29,Tongass N.F.,TNF,0.5
30,2025-04-30,Delta Area,DAS,0.1
31,2025-04-30,Kenai-Kodiak Area,KKS,1.4
32,2025-04-30,Mat-Su Area,MSS,3.9
33,2025-04-30,Military Zone,MID,0.2
34,2025-04-30,Tongass N.F.,TNF,0.5
35,2025-05-01,Delta Area,DAS,0.1
36,2025-05-01,Kenai-Kodiak Area,KKS,1.4
37,2025-05-01,Mat-Su Area,MSS,3.9
38,2025-05-01,Military Zone,MID,0.2
39,2025-05-01,Tongass N.F.,TNF,0.5
40,2025-05-01,Upper Yukon Zone,UYD,0.2
41,2025-05-02,Delta Area,DAS,0.1
42,2025-05-02,Kenai-Kodiak Area,KKS,1.4
43,2025-05-02,Mat-Su Area,MSS,3.9
44,2025-05-02,Military Zone,MID,0.2
45,2025-05-02,Tongass N.F.,TNF,0.5
46,2025-05-02,Upper Yukon Zone,UYD,0.2
47,2025-05-03,Delta Area,DAS,0.1
48,2025-05-03,Kenai-Kodiak Area,KKS,1.4
49,2025-05-03,Mat-Su Area,MSS,4.0
50,2025-05-03,Military Zone,MID,0.2
51,2025-05-03,Tongass N.F.,TNF,0.5
52,2025-05-03,Upper Yukon Zone,UYD,0.2
53,2025-05-04,Delta Area,DAS,0.1
54,2025-05-04,Kenai-Kodiak Area,KKS,1.5
55,2025-05-04,Mat-Su Area,MSS,4.0
56,2025-05-04,Military Zone,MID,0.1
57,2025-05-04,Tongass N.F.,TNF,0.5
58,2025-05-04,Upper Yukon Zone,UYD,0.2
59,2025-05-05,Copper River Area,CRS,0.1
60,2025-05-05,Delta Area,DAS,0.1
61,2025-05-05,Kenai-Kodiak Area,KKS,1.5
62,2025-05-05,Mat-Su Area,MSS,4.0
63,2025-05-05,Military Zone,MID,0.1
64,2025-05-05,Tongass N.F.,TNF,0.5
65,2025-05-05,Upper Yukon Zone,UYD,0.2
66,2025-05-06,Copper River Area,CRS,0.1
67,2025-05-06,Delta Area,DAS,0.1
68,2025-05-06,Kenai-Kodiak Area,KKS,1.5
69,2025-05-06,Mat-Su Area,MSS,4.0
70,2025-05-06,Military Zone,MID,0.5
71,2025-05-06,Tongass N.F.,TNF,0.5
72,2025-05-06,Upper Yukon Zone,UYD,0.2
73,2025-05-07,Copper River Area,CRS,0.1
74,2025-05-07,Delta Area,DAS,0.1
75,2025-05-07,Kenai-Kodiak Area,KKS,1.5
76,2025-05-07,Mat-Su Area,MSS,4.0
77,2025-05-07,Military Zone,MID,0.6
78,2025-05-07,Tongass N.F.,TNF,0.5
79,2025-05-07,Upper Yukon Zone,UYD,0.2
80,2025-05-08,Copper River Area,CRS,0.1
81,2025-05-08,Delta Area,DAS,0.1
82,2025-05-08,Kenai-Kodiak Area,KKS,1.5
83,2025-05-08,Mat-Su Area,MSS,4.0
84,2025-05-08,Military Zone,MID,0.5
85,2025-05-08,Tongass N.F.,TNF,0.5
86,2025-05-08,Upper Yukon Zone,UYD,0.2
87,2025-05-12,Copper River Area,CRS,0.1
88,2025-05-12,Delta Area,DAS,0.1
89,2025-05-12,Fairbanks Area,FAS,0.6
90,2025-05-12,Kenai-Kodiak Area,KKS,2.3
91,2025-05-12,Mat-Su Area,MSS,4.0
92,2025-05-12,Military Zone,MID,0.6
93,2025-05-12,Tongass N.F.,TNF,0.5
94,2025-05-12,Upper Yukon Zone,UYD,0.9
95,2025-05-13,Copper River Area,CRS,0.1
96,2025-05-13,Delta Area,DAS,0.1
97,2025-05-13,Fairbanks Area,FAS,0.7
98,2025-05-13,Kenai-Kodiak Area,KKS,2.3
99,2025-05-13,Mat-Su Area,MSS,4.0
100,2025-05-13,Military Zone,MID,0.6
101,2025-05-13,Tongass N.F.,TNF,0.5
102,2025-05-13,Upper Yukon Zone,UYD,0.9
103,2025-05-15,Copper River Area,CRS,0.1
104,2025-05-15,Delta Area,DAS,0.1
105,2025-05-15,Fairbanks Area,FAS,1.1
106,2025-05-15,Kenai-Kodiak Area,KKS,2.6
107,2025-05-15,Mat-Su Area,MSS,4.1
108,2025-05-15,Military Zone,MID,0.6
109,2025-05-15,Tanana Zone,TAD,0.0
110,2025-05-15,Tongass N.F.,TNF,0.5
111,2025-05-15,Upper Yukon Zone,UYD,0.9
112,2025-05-16,Chugach N.F.,CGF,0.1
113,2025-05-16,Copper River Area,CRS,0.1
114,2025-05-16,Delta Area,DAS,0.1
115,2025-05-16,Fairbanks Area,FAS,1.1
116,2025-05-16,Kenai-Kodiak Area,KKS,2.6
117,2025-05-16,Mat-Su Area,MSS,4.1
118,2025-05-16,Military Zone,MID,0.6
119,2025-05-16,Tanana Zone,TAD,0.0
120,2025-05-16,Tongass N.F.,TNF,0.5
121,2025-05-16,Upper Yukon Zone,UYD,0.9
122,2025-05-19,Chugach N.F.,CGF,0.1
123,2025-05-19,Copper River Area,CRS,0.1
124,2025-05-19,Delta Area,DAS,0.1
125,2025-05-19,Fairbanks Area,FAS,1.7
126,2025-05-19,Kenai-Kodiak Area,KKS,2.7
127,2025-05-19,Mat-Su Area,MSS,4.1
128,2025-05-19,Military Zone,MID,0.7
129,2025-05-19,Tanana Zone,TAD,0.0
130,2025-05-19,Tok Area,TAS,0.1
131,2025-05-19,Tongass N.F.,TNF,0.7
132,2025-05-19,Upper Yukon Zone,UYD,26.0
133,2025-05-20,Chugach N.F.,CGF,0.1
134,2025-05-20,Copper River Area,CRS,0.1
135,2025-05-20,Delta Area,DAS,0.1
136,2025-05-20,Fairbanks Area,FAS,1.7
137,2025-05-20,Kenai-Kodiak Area,KKS,2.7
138,2025-05-20,Mat-Su Area,MSS,4.2
139,2025-05-20,Military Zone,MID,0.6
140,2025-05-20,Tanana Zone,TAD,0.0
141,2025-05-20,Tok Area,TAS,0.1
142,2025-05-20,Tongass N.F.,TNF,0.7
143,2025-05-20,Upper Yukon Zone,UYD,25.9
144,2025-05-21,Chugach N.F.,CGF,0.1
145,2025-05-21,Copper River Area,CRS,0.1
146,2025-05-21,Delta Area,DAS,0.1
147,2025-05-21,Fairbanks Area,FAS,1.7
148,2025-05-21,Kenai-Kodiak Area,KKS,2.7
149,2025-05-21,Mat-Su Area,MSS,4.4
150,2025-05-21,Military Zone,MID,0.6
151,2025-05-21,Tanana Zone,TAD,0.0
152,2025-05-21,Tok Area,TAS,0.1
153,2025-05-21,Tongass N.F.,TNF,0.7
154,2025-05-21,Upper Yukon Zone,UYD,25.9
155,2025-05-22,Chugach N.F.,CGF,0.1
156,2025-05-22,Copper River Area,CRS,0.1
157,2025-05-22,Delta Area,DAS,0.1
158,2025-05-22,Fairbanks Area,FAS,1.7
159,2025-05-22,Kenai-Kodiak Area,KKS,2.7
160,2025-05-22,Mat-Su Area,MSS,4.4
161,2025-05-22,Military Zone,MID,0.6
162,2025-05-22,Tanana Zone,TAD,0.0
163,2025-05-22,Tok Area,TAS,0.1
164,2025-05-22,Tongass N.F.,TNF,0.7
165,2025-05-22,Upper Yukon Zone,UYD,25.9
166,2025-05-23,Chugach N.F.,CGF,0.1
167,2025-05-23,Copper River Area,CRS,0.1
168,2025-05-23,Delta Area,DAS,0.1
169,2025-05-23,Fairbanks Area,FAS,1.8
170,2025-05-23,Kenai-Kodiak Area,KKS,2.7
171,2025-05-23,Mat-Su Area,MSS,4.4
172,2025-05-23,Military Zone,MID,0.6
173,2025-05-23,Tanana Zone,TAD,0.0
174,2025-05-23,Tok Area,TAS,0.1
175,2025-05-23,Tongass N.F.,TNF,0.7
176,2025-05-23,Upper Yukon Zone,UYD,25.9
177,2025-05-24,Chugach N.F.,CGF,0.1
178,2025-05-24,Copper River Area,CRS,0.1
179,2025-05-24,Delta Area,DAS,0.1
180,2025-05-24,Fairbanks Area,FAS,1.8
181,2025-05-24,Kenai-Kodiak Area,KKS,3.8
182,2025-05-24,Mat-Su Area,MSS,4.4
183,2025-05-24,Military Zone,MID,0.6
184,2025-05-24,Tanana Zone,TAD,0.0
185,2025-05-24,Tok Area,TAS,0.1
186,2025-05-24,Tongass N.F.,TNF,0.7
187,2025-05-24,Upper Yukon Zone,UYD,25.9
188,2025-05-25,Chugach N.F.,CGF,0.1
189,2025-05-25,Copper River Area,CRS,0.1
190,2025-05-25,Delta Area,DAS,0.1
191,2025-05-25,Fairbanks Area,FAS,2.0
192,2025-05-25,Kenai-Kodiak Area,KKS,5.4
193,2025-05-25,Mat-Su Area,MSS,4.5
194,2025-05-25,Military Zone,MID,0.6
195,2025-05-25,Tanana Zone,TAD,0.0
196,2025-05-25,Tok Area,TAS,0.1
197,2025-05-25,Tongass N.F.,TNF,0.7
198,2025-05-25,Upper Yukon Zone,UYD,626.0
199,2025-05-27,Chugach N.F.,CGF,0.1
200,2025-05-27,Copper River Area,CRS,0.1
201,2025-05-27,Delta Area,DAS,0.1
202,2025-05-27,Fairbanks Area,FAS,2.0
203,2025-05-27,Kenai-Kodiak Area,KKS,5.4
204,2025-05-27,Mat-Su Area,MSS,4.5
205,2025-05-27,Military Zone,MID,0.6
206,2025-05-27,Tanana Zone,TAD,0.0
207,2025-05-27,Tongass N.F.,TNF,0.7
208,2025-05-27,Upper Yukon Zone,UYD,626.0
209,2025-05-28,Chugach N.F.,CGF,0.1
210,2025-05-28,Copper River Area,CRS,0.1
211,2025-05-28,Delta Area,DAS,0.1
212,2025-05-28,Fairbanks Area,FAS,2.1
213,2025-05-28,Galena Zone,GAD,34.6
214,2025-05-28,Kenai-Kodiak Area,KKS,5.8
215,2025-05-28,Mat-Su Area,MSS,4.5
216,2025-05-28,Military Zone,MID,0.6
217,2025-05-28,Tanana Zone,TAD,0.0
218,2025-05-28,Tongass N.F.,TNF,0.7
219,2025-05-28,Upper Yukon Zone,UYD,626.0
220,2025-05-29,Chugach N.F.,CGF,0.1
221,2025-05-29,Copper River Area,CRS,0.1
222,2025-05-29,Delta Area,DAS,0.1
223,2025-05-29,Fairbanks Area,FAS,2.0
224,2025-05-29,Galena Zone,GAD,34.6
225,2025-05-29,Kenai-Kodiak Area,KKS,5.8
226,2025-05-29,Mat-Su Area,MSS,4.5
227,2025-05-29,Military Zone,MID,0.1
228,2025-05-29,Tanana Zone,TAD,0.0
229,2025-05-29,Tongass N.F.,TNF,0.7
230,2025-05-29,Upper Yukon Zone,UYD,1034.9
231,2025-05-30,Chugach N.F.,CGF,0.1
232,2025-05-30,Copper River Area,CRS,0.1
233,2025-05-30,Delta Area,DAS,0.1
234,2025-05-30,Fairbanks Area,FAS,2.0
235,2025-05-30,Galena Zone,GAD,34.6
236,2025-05-30,Kenai-Kodiak Area,KKS,5.8
237,2025-05-30,Mat-Su Area,MSS,4.5
238,2025-05-30,Military Zone,MID,0.1
239,2025-05-30,Tanana Zone,TAD,0.0
240,2025-05-30,Tongass N.F.,TNF,0.7
241,2025-05-30,Upper Yukon Zone,UYD,1034.9
242,2025-05-31,Chugach N.F.,CGF,0.1
243,2025-05-31,Copper River Area,CRS,0.1
244,2025-05-31,Delta Area,DAS,0.1
245,2025-05-31,Fairbanks Area,FAS,2.0
246,2025-05-31,Galena Zone,GAD,34.6
247,2025-05-31,Kenai-Kodiak Area,KKS,5.8
248,2025-05-31,Mat-Su Area,MSS,4.5
249,2025-05-31,Military Zone,MID,0.1
250,2025-05-31,Tanana Zone,TAD,0.0
251,2025-05-31,Tongass N.F.,TNF,0.7
252,2025-05-31,Upper Yukon Zone,UYD,1034.9
253,2025-06-01,Chugach N.F.,CGF,0.1
254,2025-06-01,Copper River Area,CRS,0.1
255,2025-06-01,Delta Area,DAS,0.1
256,2025-06-01,Fairbanks Area,FAS,2.0
257,2025-06-01,Galena Zone,GAD,34.6
258,2025-06-01,Kenai-Kodiak Area,KKS,5.8
259,2025-06-01,Mat-Su Area,MSS,4.5
260,2025-06-01,Military Zone,MID,0.1
261,2025-06-01,Tanana Zone,TAD,0.0
262,2025-06-01,Tongass N.F.,TNF,0.7
263,2025-06-01,Upper Yukon Zone,UYD,1034.9
264,2025-06-02,Chugach N.F.,CGF,0.1
265,2025-06-02,Copper River Area,CRS,0.1
266,2025-06-02,Delta Area,DAS,0.1
267,2025-06-02,Fairbanks Area,FAS,2.0
268,2025-06-02,Galena Zone,GAD,34.6
269,2025-06-02,Kenai-Kodiak Area,KKS,5.8
270,2025-06-02,Mat-Su Area,MSS,4.5
271,2025-06-02,Military Zone,MID,0.1
272,2025-06-02,Tanana Zone,TAD,0.0
273,2025-06-02,Tongass N.F.,TNF,0.7
274,2025-06-02,Upper Yukon Zone,UYD,1034.9
275,2025-06-04,Chugach N.F.,CGF,0.1
276,2025-06-04,Copper River Area,CRS,0.2
277,2025-06-04,Delta Area,DAS,0.1
278,2025-06-04,Fairbanks Area,FAS,4.2
279,2025-06-04,Galena Zone,GAD,34.6
280,2025-06-04,Kenai-Kodiak Area,KKS,5.8
281,2025-06-04,Mat-Su Area,MSS,4.5
282,2025-06-04,Military Zone,MID,0.1
283,2025-06-04,Tanana Zone,TAD,0.0
284,2025-06-04,Tongass N.F.,TNF,0.7
285,2025-06-04,Upper Yukon Zone,UYD,1034.9
286,2025-06-05,Chugach N.F.,CGF,0.1
287,2025-06-05,Copper River Area,CRS,0.2
288,2025-06-05,Delta Area,DAS,0.1
289,2025-06-05,Fairbanks Area,FAS,4.2
290,2025-06-05,Galena Zone,GAD,34.6
291,2025-06-05,Kenai-Kodiak Area,KKS,5.8
292,2025-06-05,Mat-Su Area,MSS,4.9
293,2025-06-05,Military Zone,MID,0.1
294,2025-06-05,Tanana Zone,TAD,0.0
295,2025-06-05,Tongass N.F.,TNF,0.7
296,2025-06-05,Upper Yukon Zone,UYD,1034.9
297,2025-06-06,Chugach N.F.,CGF,0.1
298,2025-06-06,Copper River Area,CRS,0.2
299,2025-06-06,Delta Area,DAS,0.1
300,2025-06-06,Fairbanks Area,FAS,4.2
301,2025-06-06,Galena Zone,GAD,34.6
302,2025-06-06,Kenai-Kodiak Area,KKS,5.8
303,2025-06-06,Mat-Su Area,MSS,4.9
304,2025-06-06,Military Zone,MID,0.1
305,2025-06-06,Tanana Zone,TAD,0.0
306,2025-06-06,Tongass N.F.,TNF,0.7
307,2025-06-06,Upper Yukon Zone,UYD,1034.9
308,2025-06-07,Chugach N.F.,CGF,1.1
309,2025-06-07,Copper River Area,CRS,0.2
310,2025-06-07,Delta Area,DAS,0.1
311,2025-06-07,Fairbanks Area,FAS,12.2
312,2025-06-07,Galena Zone,GAD,34.7
313,2025-06-07,Kenai-Kodiak Area,KKS,5.9
314,2025-06-07,Mat-Su Area,MSS,4.9
315,2025-06-07,Military Zone,MID,0.1
316,2025-06-07,Tanana Zone,TAD,0.0
317,2025-06-07,Tok Area,TAS,0.1
318,2025-06-07,Tongass N.F.,TNF,0.7
319,2025-06-07,Upper Yukon Zone,UYD,1034.9
320,2025-06-08,Chugach N.F.,CGF,1.1
321,2025-06-08,Copper River Area,CRS,0.2
322,2025-06-08,Delta Area,DAS,0.1
323,2025-06-08,Fairbanks Area,FAS,12.2
324,2025-06-08,Galena Zone,GAD,34.7
325,2025-06-08,Kenai-Kodiak Area,KKS,5.9
326,2025-06-08,Mat-Su Area,MSS,4.9
327,2025-06-08,Military Zone,MID,0.1
328,2025-06-08,Tanana Zone,TAD,0.0
329,2025-06-08,Tok Area,TAS,0.1
330,2025-06-08,Tongass N.F.,TNF,0.7
331,2025-06-08,Upper Yukon Zone,UYD,1034.9
332,2025-06-09,Chugach N.F.,CGF,1.1
333,2025-06-09,Copper River Area,CRS,0.2
334,2025-06-09,Delta Area,DAS,0.1
335,2025-06-09,Fairbanks Area,FAS,12.2
336,2025-06-09,Galena Zone,GAD,34.6
337,2025-06-09,Kenai-Kodiak Area,KKS,5.8
338,2025-06-09,Mat-Su Area,MSS,4.9
339,2025-06-09,Military Zone,MID,0.1
340,2025-06-09,Tanana Zone,TAD,0.0
341,2025-06-09,Tok Area,TAS,0.1
342,2025-06-09,Tongass N.F.,TNF,0.7
343,2025-06-09,Upper Yukon Zone,UYD,1034.9
344,2025-06-10,Chugach N.F.,CGF,1.1
345,2025-06-10,Copper River Area,CRS,0.2
346,2025-06-10,Delta Area,DAS,0.1
347,2025-06-10,Fairbanks Area,FAS,12.2
348,2025-06-10,Galena Zone,GAD,34.6
349,2025-06-10,Kenai-Kodiak Area,KKS,5.8
350,2025-06-10,Mat-Su Area,MSS,5.0
351,2025-06-10,Military Zone,MID,0.1
352,2025-06-10,Tanana Zone,TAD,0.0
353,2025-06-10,Tok Area,TAS,0.1
354,2025-06-10,Tongass N.F.,TNF,0.7
355,2025-06-10,Upper Yukon Zone,UYD,1034.9
356,2025-06-11,Chugach N.F.,CGF,1.1
357,2025-06-11,Copper River Area,CRS,0.2
358,2025-06-11,Delta Area,DAS,0.1
359,2025-06-11,Fairbanks Area,FAS,12.2
360,2025-06-11,Galena Zone,GAD,34.6
361,2025-06-11,Kenai-Kodiak Area,KKS,5.8
362,2025-06-11,Mat-Su Area,MSS,5.1
363,2025-06-11,Military Zone,MID,0.2
364,2025-06-11,Tanana Zone,TAD,0.0
365,2025-06-11,Tok Area,TAS,0.1
366,2025-06-11,Tongass N.F.,TNF,0.7
367,2025-06-11,Upper Yukon Zone,UYD,1034.9
368,2025-06-12,Chugach N.F.,CGF,1.1
369,2025-06-12,Copper River Area,CRS,0.2
370,2025-06-12,Delta Area,DAS,0.6
371,2025-06-12,Fairbanks Area,FAS,12.3
372,2025-06-12,Galena Zone,GAD,34.7
373,2025-06-12,Kenai-Kodiak Area,KKS,5.9
374,2025-06-12,Mat-Su Area,MSS,5.1
375,2025-06-12,Military Zone,MID,1.1
376,2025-06-12,Tanana Zone,TAD,0.0
377,2025-06-12,Tok Area,TAS,0.1
378,2025-06-12,Tongass N.F.,TNF,0.7
379,2025-06-12,Upper Yukon Zone,UYD,1034.9
380,2025-06-13,Chugach N.F.,CGF,1.1
381,2025-06-13,Copper River Area,CRS,0.2
382,2025-06-13,Delta Area,DAS,0.6
383,2025-06-13,Fairbanks Area,FAS,12.3
384,2025-06-13,Galena Zone,GAD,34.7
385,2025-06-13,Kenai-Kodiak Area,KKS,6.0
386,2025-06-13,Mat-Su Area,MSS,5.1
387,2025-06-13,Military Zone,MID,1.1
388,2025-06-13,Tanana Zone,TAD,0.0
389,2025-06-13,Tok Area,TAS,0.1
390,2025-06-13,Tongass N.F.,TNF,0.7
391,2025-06-13,Upper Yukon Zone,UYD,1034.9
392,2025-06-14,Chugach N.F.,CGF,1.1
393,2025-06-14,Copper River Area,CRS,0.2
394,2025-06-14,Delta Area,DAS,0.6
395,2025-06-14,Fairbanks Area,FAS,17.3
396,2025-06-14,Galena Zone,GAD,34.7
397,2025-06-14,Kenai-Kodiak Area,KKS,6.0
398,2025-06-14,Mat-Su Area,MSS,5.1
399,2025-06-14,Military Zone,MID,11.2
400,2025-06-14,Southwest Area,SWS,20.0
401,2025-06-14,Tanana Zone,TAD,0.0
402,2025-06-14,Tok Area,TAS,0.1
403,2025-06-14,Tongass N.F.,TNF,0.7
404,2025-06-14,Upper Yukon Zone,UYD,1034.9
405,2025-06-15,Chugach N.F.,CGF,1.1
406,2025-06-15,Copper River Area,CRS,0.2
407,2025-06-15,Delta Area,DAS,0.6
408,2025-06-15,Fairbanks Area,FAS,17.4
409,2025-06-15,Galena Zone,GAD,54.7
410,2025-06-15,Kenai-Kodiak Area,KKS,6.2
411,2025-06-15,Mat-Su Area,MSS,5.1
412,2025-06-15,Military Zone,MID,11.2
413,2025-06-15,Southwest Area,SWS,99.5
414,2025-06-15,Tanana Zone,TAD,0.0
415,2025-06-15,Tok Area,TAS,0.1
416,2025-06-15,Tongass N.F.,TNF,0.7
417,2025-06-15,Upper Yukon Zone,UYD,1034.9
418,2025-06-17,Chugach N.F.,CGF,1.1
419,2025-06-17,Copper River Area,CRS,0.2
420,2025-06-17,Delta Area,DAS,0.6
421,2025-06-17,Fairbanks Area,FAS,207.5
422,2025-06-17,Galena Zone,GAD,452.1
423,2025-06-17,Kenai-Kodiak Area,KKS,6.7
424,2025-06-17,Mat-Su Area,MSS,5.1
425,2025-06-17,Military Zone,MID,11.3
426,2025-06-17,Southwest Area,SWS,1654.0
427,2025-06-17,Tanana Zone,TAD,1.6
428,2025-06-17,Tok Area,TAS,0.1
429,2025-06-17,Tongass N.F.,TNF,0.7
430,2025-06-17,Upper Yukon Zone,UYD,1092.8
431,2025-06-18,Chugach N.F.,CGF,1.1
432,2025-06-18,Copper River Area,CRS,0.2
433,2025-06-18,Delta Area,DAS,0.6
434,2025-06-18,Fairbanks Area,FAS,452.6
435,2025-06-18,Galena Zone,GAD,4338.8
436,2025-06-18,Kenai-Kodiak Area,KKS,6.7
437,2025-06-18,Mat-Su Area,MSS,5.2
438,2025-06-18,Military Zone,MID,77.7
439,2025-06-18,Southwest Area,SWS,2920.9
440,2025-06-18,Tanana Zone,TAD,6060.8
441,2025-06-18,Tok Area,TAS,415.1
442,2025-06-18,Tongass N.F.,TNF,0.7
443,2025-06-18,Upper Yukon Zone,UYD,1197.9
444,2025-06-19,Chugach N.F.,CGF,1.2
445,2025-06-19,Copper River Area,CRS,70.2
446,2025-06-19,Delta Area,DAS,478.6
447,2025-06-19,Fairbanks Area,FAS,1105.8
448,2025-06-19,Galena Zone,GAD,6961.1
449,2025-06-19,Kenai-Kodiak Area,KKS,6.7
450,2025-06-19,Mat-Su Area,MSS,5.2
451,2025-06-19,Military Zone,MID,377.7
452,2025-06-19,Southwest Area,SWS,2947.2
453,2025-06-19,Tanana Zone,TAD,6258.1
454,2025-06-19,Tok Area,TAS,413.9
455,2025-06-19,Tongass N.F.,TNF,0.7
456,2025-06-19,Upper Yukon Zone,UYD,2280.5
457,2025-06-20,Chugach N.F.,CGF,1.2
458,2025-06-20,Copper River Area,CRS,775.2
459,2025-06-20,Delta Area,DAS,2159.6
460,2025-06-20,Fairbanks Area,FAS,8180.2
461,2025-06-20,Galena Zone,GAD,10310.0
462,2025-06-20,Kenai-Kodiak Area,KKS,6.7
463,2025-06-20,Mat-Su Area,MSS,5.4
464,2025-06-20,Military Zone,MID,1084.3
465,2025-06-20,Southwest Area,SWS,3185.1
466,2025-06-20,Tanana Zone,TAD,19096.6
467,2025-06-20,Tok Area,TAS,6636.8
468,2025-06-20,Tongass N.F.,TNF,0.7
469,2025-06-20,Upper Yukon Zone,UYD,7397.1
470,2025-06-21,Chugach N.F.,CGF,1.2
471,2025-06-21,Copper River Area,CRS,1157.3
472,2025-06-21,Delta Area,DAS,6725.4
473,2025-06-21,Fairbanks Area,FAS,30873.3
474,2025-06-21,Galena Zone,GAD,19260.5
475,2025-06-21,Kenai-Kodiak Area,KKS,6.7
476,2025-06-21,Mat-Su Area,MSS,5.6
477,2025-06-21,Military Zone,MID,1652.6
478,2025-06-21,Southwest Area,SWS,3814.1
479,2025-06-21,Tanana Zone,TAD,20846.7
480,2025-06-21,Tok Area,TAS,6768.1
481,2025-06-21,Tongass N.F.,TNF,0.7
482,2025-06-21,Upper Yukon Zone,UYD,7995.6
483,2025-06-22,Chugach N.F.,CGF,1.2
484,2025-06-22,Copper River Area,CRS,3179.2
485,2025-06-22,Delta Area,DAS,16963.4
486,2025-06-22,Fairbanks Area,FAS,45985.2
487,2025-06-22,Galena Zone,GAD,25713.5
488,2025-06-22,Kenai-Kodiak Area,KKS,6.7
489,2025-06-22,Mat-Su Area,MSS,5.6
490,2025-06-22,Military Zone,MID,3810.4
491,2025-06-22,Southwest Area,SWS,3694.6
492,2025-06-22,Tanana Zone,TAD,36204.8
493,2025-06-22,Tok Area,TAS,26434.4
494,2025-06-22,Tongass N.F.,TNF,0.7
495,2025-06-22,Upper Yukon Zone,UYD,22522.8
496,2025-06-23,Chugach N.F.,CGF,1.2
497,2025-06-23,Copper River Area,CRS,4198.9
498,2025-06-23,Delta Area,DAS,17058.7
499,2025-06-23,Fairbanks Area,FAS,44848.0
500,2025-06-23,Galena Zone,GAD,26056.3
501,2025-06-23,Kenai-Kodiak Area,KKS,6.7
502,2025-06-23,Mat-Su Area,MSS,5.6
503,2025-06-23,Military Zone,MID,3825.2
504,2025-06-23,Southwest Area,SWS,33458.2
505,2025-06-23,Tanana Zone,TAD,37263.0
506,2025-06-23,Tok Area,TAS,43447.3
507,2025-06-23,Tongass N.F.,TNF,0.7
508,2025-06-23,Upper Yukon Zone,UYD,22622.5
509,2025-06-24,Chugach N.F.,CGF,1.2
510,2025-06-24,Copper River Area,CRS,4672.2
511,2025-06-24,Delta Area,DAS,17572.0
512,2025-06-24,Fairbanks Area,FAS,49477.6
513,2025-06-24,Galena Zone,GAD,28018.9
514,2025-06-24,Kenai-Kodiak Area,KKS,6.7
515,2025-06-24,Mat-Su Area,MSS,5.7
516,2025-06-24,Military Zone,MID,3825.2
517,2025-06-24,Southwest Area,SWS,33458.2
518,2025-06-24,Tanana Zone,TAD,43308.5
519,2025-06-24,Tok Area,TAS,44859.8
520,2025-06-24,Tongass N.F.,TNF,0.7
521,2025-06-24,Upper Yukon Zone,UYD,22474.7
522,2025-06-25,Chugach N.F.,CGF,1.2
523,2025-06-25,Copper River Area,CRS,4961.0
524,2025-06-25,Delta Area,DAS,17572.0
525,2025-06-25,Fairbanks Area,FAS,58154.6
526,2025-06-25,Galena Zone,GAD,29481.4
527,2025-06-25,Kenai-Kodiak Area,KKS,6.7
528,2025-06-25,Mat-Su Area,MSS,5.9
529,2025-06-25,Military Zone,MID,3825.2
530,2025-06-25,Southwest Area,SWS,33458.2
531,2025-06-25,Tanana Zone,TAD,49053.2
532,2025-06-25,Tok Area,TAS,45007.1
533,2025-06-25,Tongass N.F.,TNF,0.7
534,2025-06-25,Upper Yukon Zone,UYD,25303.2
535,2025-06-26,Chugach N.F.,CGF,1.2
536,2025-06-26,Copper River Area,CRS,4961.0
537,2025-06-26,Delta Area,DAS,17501.6
538,2025-06-26,Fairbanks Area,FAS,55530.2
539,2025-06-26,Galena Zone,GAD,37032.1
540,2025-06-26,Kenai-Kodiak Area,KKS,6.7
541,2025-06-26,Mat-Su Area,MSS,5.9
542,2025-06-26,Military Zone,MID,3825.2
543,2025-06-26,Southwest Area,SWS,34899.6
544,2025-06-26,Tanana Zone,TAD,50423.1
545,2025-06-26,Tok Area,TAS,46352.5
546,2025-06-26,Tongass N.F.,TNF,0.7
547,2025-06-26,Upper Yukon Zone,UYD,40610.4
548,2025-06-27,Chugach N.F.,CGF,1.2
549,2025-06-27,Copper River Area,CRS,5472.2
550,2025-06-27,Delta Area,DAS,21895.8
551,2025-06-27,Fairbanks Area,FAS,70765.9
552,2025-06-27,Galena Zone,GAD,39976.8
553,2025-06-27,Kenai-Kodiak Area,KKS,6.8
554,2025-06-27,Mat-Su Area,MSS,6.0
555,2025-06-27,Military Zone,MID,4422.5
556,2025-06-27,Southwest Area,SWS,35017.3
557,2025-06-27,Tanana Zone,TAD,50423.1
558,2025-06-27,Tok Area,TAS,46735.0
559,2025-06-27,Tongass N.F.,TNF,0.7
560,2025-06-27,Upper Yukon Zone,UYD,33491.1
561,2025-06-28,Chugach N.F.,CGF,1.2
562,2025-06-28,Copper River Area,CRS,6577.8
563,2025-06-28,Delta Area,DAS,23734.0
564,2025-06-28,Fairbanks Area,FAS,75451.7
565,2025-06-28,Galena Zone,GAD,39607.9
566,2025-06-28,Kenai-Kodiak Area,KKS,6.8
567,2025-06-28,Mat-Su Area,MSS,6.0
568,2025-06-28,Military Zone,MID,4425.6
569,2025-06-28,Southwest Area,SWS,35017.3
570,2025-06-28,Tanana Zone,TAD,52951.0
571,2025-06-28,Tok Area,TAS,50933.6
572,2025-06-28,Tongass N.F.,TNF,0.7
573,2025-06-28,Upper Yukon Zone,UYD,41541.8
574,2025-06-29,Chugach N.F.,CGF,1.2
575,2025-06-29,Copper River Area,CRS,6577.8
576,2025-06-29,Delta Area,DAS,23734.0
577,2025-06-29,Fairbanks Area,FAS,76524.3
578,2025-06-29,Galena Zone,GAD,39735.2
579,2025-06-29,Kenai-Kodiak Area,KKS,6.8
580,2025-06-29,Mat-Su Area,MSS,6.0
581,2025-06-29,Military Zone,MID,4425.6
582,2025-06-29,Southwest Area,SWS,35017.3
583,2025-06-29,Tanana Zone,TAD,58467.1
584,2025-06-29,Tok Area,TAS,50933.8
585,2025-06-29,Tongass N.F.,TNF,0.7
586,2025-06-29,Upper Yukon Zone,UYD,45218.8
587,2025-06-30,Chugach N.F.,CGF,1.2
588,2025-06-30,Copper River Area,CRS,6658.0
589,2025-06-30,Delta Area,DAS,23678.0
590,2025-06-30,Fairbanks Area,FAS,76617.8
591,2025-06-30,Galena Zone,GAD,40429.7
592,2025-06-30,Kenai-Kodiak Area,KKS,6.8
593,2025-06-30,Mat-Su Area,MSS,6.2
594,2025-06-30,Military Zone,MID,4425.6
595,2025-06-30,Southwest Area,SWS,37200.6
596,2025-06-30,Tanana Zone,TAD,59122.2
597,2025-06-30,Tok Area,TAS,51000.8
598,2025-06-30,Tongass N.F.,TNF,0.7
599,2025-06-30,Upper Yukon Zone,UYD,46433.8
600,2025-07-01,Chugach N.F.,CGF,1.2
601,2025-07-01,Copper River Area,CRS,6658.0
602,2025-07-01,Delta Area,DAS,23678.0
603,2025-07-01,Fairbanks Area,FAS,78289.1
604,2025-07-01,Galena Zone,GAD,40542.0
605,2025-07-01,Kenai-Kodiak Area,KKS,6.8
606,2025-07-01,Mat-Su Area,MSS,6.2
607,2025-07-01,Military Zone,MID,5112.9
608,2025-07-01,Southwest Area,SWS,37053.6
609,2025-07-01,Tanana Zone,TAD,58742.5
610,2025-07-01,Tok Area,TAS,51000.8
611,2025-07-01,Tongass N.F.,TNF,0.7
612,2025-07-01,Upper Yukon Zone,UYD,46926.6
613,2025-07-02,Chugach N.F.,CGF,1.2
614,2025-07-02,Copper River Area,CRS,6658.0
615,2025-07-02,Delta Area,DAS,22905.1
616,2025-07-02,Fairbanks Area,FAS,81216.8
617,2025-07-02,Galena Zone,GAD,40712.9
618,2025-07-02,Kenai-Kodiak Area,KKS,6.8
619,2025-07-02,Mat-Su Area,MSS,6.2
620,2025-07-02,Military Zone,MID,5584.9
621,2025-07-02,Southwest Area,SWS,39763.0
622,2025-07-02,Tanana Zone,TAD,59527.0
623,2025-07-02,Tok Area,TAS,51129.0
624,2025-07-02,Tongass N.F.,TNF,0.7
625,2025-07-02,Upper Yukon Zone,UYD,47129.6
626,2025-07-03,Chugach N.F.,CGF,1.2
627,2025-07-03,Copper River Area,CRS,6639.5
628,2025-07-03,Delta Area,DAS,22905.2
629,2025-07-03,Fairbanks Area,FAS,97167.8
630,2025-07-03,Galena Zone,GAD,44942.1
631,2025-07-03,Kenai-Kodiak Area,KKS,6.8
632,2025-07-03,Mat-Su Area,MSS,6.2
633,2025-07-03,Military Zone,MID,5584.9
634,2025-07-03,Southwest Area,SWS,40014.2
635,2025-07-03,Tanana Zone,TAD,59555.0
636,2025-07-03,Tok Area,TAS,51129.0
637,2025-07-03,Tongass N.F.,TNF,0.8
638,2025-07-03,Upper Yukon Zone,UYD,47229.7
639,2025-07-04,Chugach N.F.,CGF,1.2
640,2025-07-04,Copper River Area,CRS,6679.1
641,2025-07-04,Delta Area,DAS,23556.1
642,2025-07-04,Fairbanks Area,FAS,115839.6
643,2025-07-04,Galena Zone,GAD,46546.1
644,2025-07-04,Kenai-Kodiak Area,KKS,14.7
645,2025-07-04,Mat-Su Area,MSS,6.5
646,2025-07-04,Military Zone,MID,10628.9
647,2025-07-04,Southwest Area,SWS,40034.2
648,2025-07-04,Tanana Zone,TAD,63798.4
649,2025-07-04,Tok Area,TAS,51129.0
650,2025-07-04,Tongass N.F.,TNF,0.8
651,2025-07-04,Upper Yukon Zone,UYD,51931.7
652,2025-07-05,Chugach N.F.,CGF,1.3
653,2025-07-05,Copper River Area,CRS,6679.1
654,2025-07-05,Delta Area,DAS,23556.1
655,2025-07-05,Fairbanks Area,FAS,129356.0
656,2025-07-05,Galena Zone,GAD,54573.5
657,2025-07-05,Kenai-Kodiak Area,KKS,14.8
658,2025-07-05,Mat-Su Area,MSS,7.0
659,2025-07-05,Military Zone,MID,10628.9
660,2025-07-05,Southwest Area,SWS,40034.2
661,2025-07-05,Tanana Zone,TAD,64736.5
662,2025-07-05,Tok Area,TAS,51246.9
663,2025-07-05,Tongass N.F.,TNF,0.8
664,2025-07-05,Upper Yukon Zone,UYD,57887.8
665,2025-07-06,Chugach N.F.,CGF,1.3
666,2025-07-06,Copper River Area,CRS,6679.1
667,2025-07-06,Delta Area,DAS,24899.8
668,2025-07-06,Fairbanks Area,FAS,169824.4
669,2025-07-06,Galena Zone,GAD,60039.5
670,2025-07-06,Kenai-Kodiak Area,KKS,15.0
671,2025-07-06,Mat-Su Area,MSS,7.1
672,2025-07-06,Military Zone,MID,15771.9
673,2025-07-06,Southwest Area,SWS,40034.2
674,2025-07-06,Tanana Zone,TAD,71276.4
675,2025-07-06,Tok Area,TAS,51444.4
676,2025-07-06,Tongass N.F.,TNF,0.8
677,2025-07-06,Upper Yukon Zone,UYD,76445.8
678,2025-07-08,Chugach N.F.,CGF,1.3
679,2025-07-08,Copper River Area,CRS,6679.1
680,2025-07-08,Delta Area,DAS,30297.8
681,2025-07-08,Fairbanks Area,FAS,189910.4
682,2025-07-08,Galena Zone,GAD,70885.6
683,2025-07-08,Kenai-Kodiak Area,KKS,15.0
684,2025-07-08,Mat-Su Area,MSS,7.1
685,2025-07-08,Military Zone,MID,15771.9
686,2025-07-08,Southwest Area,SWS,40034.2
687,2025-07-08,Tanana Zone,TAD,82844.0
688,2025-07-08,Tok Area,TAS,52498.4
689,2025-07-08,Tongass N.F.,TNF,0.8
690,2025-07-08,Upper Yukon Zone,UYD,100122.6
691,2025-07-10,Chugach N.F.,CGF,1.4
692,2025-07-10,Copper River Area,CRS,6679.1
693,2025-07-10,Delta Area,DAS,29770.8
694,2025-07-10,Fairbanks Area,FAS,190747.3
695,2025-07-10,Galena Zone,GAD,103245.5
696,2025-07-10,Kenai-Kodiak Area,KKS,15.3
697,2025-07-10,Mat-Su Area,MSS,8.6
698,2025-07-10,Military Zone,MID,16060.8
699,2025-07-10,Southwest Area,SWS,40148.2
700,2025-07-10,Tanana Zone,TAD,119614.6
701,2025-07-10,Tok Area,TAS,52632.0
702,2025-07-10,Tongass N.F.,TNF,0.8
703,2025-07-10,Upper Yukon Zone,UYD,117280.1
704,2025-07-11,Chugach N.F.,CGF,1.4
705,2025-07-11,Copper River Area,CRS,6679.1
706,2025-07-11,Delta Area,DAS,29770.8
707,2025-07-11,Fairbanks Area,FAS,192015.3
708,2025-07-11,Galena Zone,GAD,110967.2
709,2025-07-11,Kenai-Kodiak Area,KKS,15.0
710,2025-07-11,Mat-Su Area,MSS,8.7
711,2025-07-11,Military Zone,MID,16060.8
712,2025-07-11,Southwest Area,SWS,40148.2
713,2025-07-11,Tanana Zone,TAD,120357.5
714,2025-07-11,Tok Area,TAS,52715.5
715,2025-07-11,Tongass N.F.,TNF,0.8
716,2025-07-11,Upper Yukon Zone,UYD,132778.4
717,2025-07-12,Chugach N.F.,CGF,1.4
718,2025-07-12,Copper River Area,CRS,6679.1
719,2025-07-12,Delta Area,DAS,29996.2
720,2025-07-12,Fairbanks Area,FAS,190501.5
721,2025-07-12,Galena Zone,GAD,116014.3
722,2025-07-12,Kenai-Kodiak Area,KKS,15.1
723,2025-07-12,Mat-Su Area,MSS,8.7
724,2025-07-12,Military Zone,MID,16060.8
725,2025-07-12,Southwest Area,SWS,40148.2
726,2025-07-12,Tanana Zone,TAD,137373.5
727,2025-07-12,Tok Area,TAS,52715.0
728,2025-07-12,Tongass N.F.,TNF,0.8
729,2025-07-12,Upper Yukon Zone,UYD,148015.0
730,2025-07-13,Chugach N.F.,CGF,1.4
731,2025-07-13,Copper River Area,CRS,6679.4
732,2025-07-13,Delta Area,DAS,29996.2
733,2025-07-13,Fairbanks Area,FAS,191391.9
734,2025-07-13,Galena Zone,GAD,144794.4
735,2025-07-13,Kenai-Kodiak Area,KKS,15.1
736,2025-07-13,Mat-Su Area,MSS,8.8
737,2025-07-13,Military Zone,MID,16060.8
738,2025-07-13,Southwest Area,SWS,40148.2
739,2025-07-13,Tanana Zone,TAD,164905.7
740,2025-07-13,Tok Area,TAS,52715.0
741,2025-07-13,Tongass N.F.,TNF,0.8
742,2025-07-13,Upper Yukon Zone,UYD,151016.4
743,2025-07-14,Chugach N.F.,CGF,1.4
744,2025-07-14,Copper River Area,CRS,6679.4
745,2025-07-14,Delta Area,DAS,29996.3
746,2025-07-14,Fairbanks Area,FAS,190730.7
747,2025-07-14,Galena Zone,GAD,177423.2
748,2025-07-14,Kenai-Kodiak Area,KKS,15.1
749,2025-07-14,Mat-Su Area,MSS,8.8
750,2025-07-14,Military Zone,MID,16060.9
751,2025-07-14,Southwest Area,SWS,40148.2
752,2025-07-14,Tanana Zone,TAD,179224.7
753,2025-07-14,Tok Area,TAS,52762.4
754,2025-07-14,Tongass N.F.,TNF,0.8
755,2025-07-14,Upper Yukon Zone,UYD,152497.5
756,2025-07-15,Chugach N.F.,CGF,1.4
757,2025-07-15,Copper River Area,CRS,6679.4
758,2025-07-15,Delta Area,DAS,29996.3
759,2025-07-15,Fairbanks Area,FAS,190731.9
760,2025-07-15,Galena Zone,GAD,179655.9
761,2025-07-15,Kenai-Kodiak Area,KKS,15.1
762,2025-07-15,Mat-Su Area,MSS,8.9
763,2025-07-15,Military Zone,MID,16060.9
764,2025-07-15,Southwest Area,SWS,40148.2
765,2025-07-15,Tanana Zone,TAD,202730.7
766,2025-07-15,Tok Area,TAS,52756.0
767,2025-07-15,Tongass N.F.,TNF,0.8
768,2025-07-15,Upper Yukon Zone,UYD,152606.4
769,2025-07-16,Chugach N.F.,CGF,1.4
770,2025-07-16,Copper River Area,CRS,6679.4
771,2025-07-16,Delta Area,DAS,30209.4
772,2025-07-16,Fairbanks Area,FAS,190757.2
773,2025-07-16,Galena Zone,GAD,178030.1
774,2025-07-16,Kenai-Kodiak Area,KKS,15.1
775,2025-07-16,Mat-Su Area,MSS,8.9
776,2025-07-16,Military Zone,MID,16060.9
777,2025-07-16,Southwest Area,SWS,40148.2
778,2025-07-16,Tanana Zone,TAD,200383.1
779,2025-07-16,Tok Area,TAS,52756.1
780,2025-07-16,Tongass N.F.,TNF,0.8
781,2025-07-16,Upper Yukon Zone,UYD,155778.6
782,2025-07-17,Chugach N.F.,CGF,1.4
783,2025-07-17,Copper River Area,CRS,6679.4
784,2025-07-17,Delta Area,DAS,30242.2
785,2025-07-17,Fairbanks Area,FAS,190761.6
786,2025-07-17,Galena Zone,GAD,186717.9
787,2025-07-17,Kenai-Kodiak Area,KKS,15.1
788,2025-07-17,Mat-Su Area,MSS,10.0
789,2025-07-17,Military Zone,MID,16060.9
790,2025-07-17,Southwest Area,SWS,40207.1
791,2025-07-17,Tanana Zone,TAD,203478.7
792,2025-07-17,Tok Area,TAS,52824.7
793,2025-07-17,Tongass N.F.,TNF,0.8
794,2025-07-17,Upper Yukon Zone,UYD,155912.4
795,2025-07-18,Chugach N.F.,CGF,1.4
796,2025-07-18,Copper River Area,CRS,6679.4
797,2025-07-18,Delta Area,DAS,30242.2
798,2025-07-18,Fairbanks Area,FAS,190776.8
799,2025-07-18,Galena Zone,GAD,186717.9
800,2025-07-18,Kenai-Kodiak Area,KKS,15.1
801,2025-07-18,Mat-Su Area,MSS,10.0
802,2025-07-18,Military Zone,MID,16060.9
803,2025-07-18,Southwest Area,SWS,40207.1
804,2025-07-18,Tanana Zone,TAD,203924.5
805,2025-07-18,Tok Area,TAS,53412.6
806,2025-07-18,Tongass N.F.,TNF,0.8
807,2025-07-18,Upper Yukon Zone,UYD,157545.1
808,2025-07-19,Chugach N.F.,CGF,1.4
809,2025-07-19,Copper River Area,CRS,6679.4
810,2025-07-19,Delta Area,DAS,30335.7
811,2025-07-19,Fairbanks Area,FAS,192896.7
812,2025-07-19,Galena Zone,GAD,188355.4
813,2025-07-19,Kenai-Kodiak Area,KKS,15.1
814,2025-07-19,Mat-Su Area,MSS,10.1
815,2025-07-19,Military Zone,MID,16127.9
816,2025-07-19,Southwest Area,SWS,40207.1
817,2025-07-19,Tanana Zone,TAD,208024.5
818,2025-07-19,Tok Area,TAS,53507.3
819,2025-07-19,Tongass N.F.,TNF,0.8
820,2025-07-19,Upper Yukon Zone,UYD,159924.5
821,2025-07-20,Chugach N.F.,CGF,1.4
822,2025-07-20,Copper River Area,CRS,6679.4
823,2025-07-20,Delta Area,DAS,30335.7
824,2025-07-20,Fairbanks Area,FAS,191960.7
825,2025-07-20,Galena Zone,GAD,197453.1
826,2025-07-20,Kenai-Kodiak Area,KKS,15.1
827,2025-07-20,Mat-Su Area,MSS,10.1
828,2025-07-20,Military Zone,MID,16127.9
829,2025-07-20,Southwest Area,SWS,40207.1
830,2025-07-20,Tanana Zone,TAD,205138.5
831,2025-07-20,Tok Area,TAS,53530.6
832,2025-07-20,Tongass N.F.,TNF,0.8
833,2025-07-20,Upper Yukon Zone,UYD,161381.3
834,2025-07-21,Chugach N.F.,CGF,1.4
835,2025-07-21,Copper River Area,CRS,6679.4
836,2025-07-21,Delta Area,DAS,30335.5
837,2025-07-21,Fairbanks Area,FAS,191967.4
838,2025-07-21,Galena Zone,GAD,197453.1
839,2025-07-21,Kenai-Kodiak Area,KKS,15.1
840,2025-07-21,Mat-Su Area,MSS,10.1
841,2025-07-21,Military Zone,MID,16127.9
842,2025-07-21,Southwest Area,SWS,40207.1
843,2025-07-21,Tanana Zone,TAD,205138.4
844,2025-07-21,Tok Area,TAS,53488.2
845,2025-07-21,Tongass N.F.,TNF,0.9
846,2025-07-21,Upper Yukon Zone,UYD,170615.0
847,2025-07-22,Chugach N.F.,CGF,1.4
848,2025-07-22,Copper River Area,CRS,6679.4
849,2025-07-22,Delta Area,DAS,30335.5
850,2025-07-22,Fairbanks Area,FAS,191946.1
851,2025-07-22,Galena Zone,GAD,197453.3
852,2025-07-22,Kenai-Kodiak Area,KKS,15.1
853,2025-07-22,Mat-Su Area,MSS,10.1
854,2025-07-22,Military Zone,MID,16127.9
855,2025-07-22,Southwest Area,SWS,40207.1
856,2025-07-22,Tanana Zone,TAD,250514.3
857,2025-07-22,Tok Area,TAS,53530.7
858,2025-07-22,Tongass N.F.,TNF,0.9
859,2025-07-22,Upper Yukon Zone,UYD,170816.3
860,2025-07-23,Chugach N.F.,CGF,1.4
861,2025-07-23,Copper River Area,CRS,6679.4
862,2025-07-23,Delta Area,DAS,30335.5
863,2025-07-23,Fairbanks Area,FAS,192509.3
864,2025-07-23,Galena Zone,GAD,197453.3
865,2025-07-23,Kenai-Kodiak Area,KKS,15.2
866,2025-07-23,Mat-Su Area,MSS,10.1
867,2025-07-23,Military Zone,MID,16127.9
868,2025-07-23,Southwest Area,SWS,40207.1
869,2025-07-23,Tanana Zone,TAD,250514.3
870,2025-07-23,Tok Area,TAS,53530.7
871,2025-07-23,Tongass N.F.,TNF,0.9
872,2025-07-23,Upper Yukon Zone,UYD,170977.3
873,2025-07-24,Chugach N.F.,CGF,1.4
874,2025-07-24,Copper River Area,CRS,6679.4
875,2025-07-24,Delta Area,DAS,30335.5
876,2025-07-24,Fairbanks Area,FAS,192236.6
877,2025-07-24,Galena Zone,GAD,197453.2
878,2025-07-24,Kenai-Kodiak Area,KKS,15.2
879,2025-07-24,Mat-Su Area,MSS,12.2
880,2025-07-24,Military Zone,MID,16060.9
881,2025-07-24,Southwest Area,SWS,40207.1
882,2025-07-24,Tanana Zone,TAD,250514.3
883,2025-07-24,Tok Area,TAS,53530.7
884,2025-07-24,Tongass N.F.,TNF,0.9
885,2025-07-24,Upper Yukon Zone,UYD,171805.2
